,PWSID,All_Violations
0,CT0320044,1
1,CT0347031,1
2,FL3424829,1
3,FL6295268,12
4,GA2310025,1
5,LA1019085,1
6,ME0000802,2
7,ME0094466,2
8,NJ0102001,6
9,NJ0102301,2
10,NJ0102302,1
11,NJ0103001,16
12,NJ0104322,1
13,NJ0105002,1
14,NJ0105301,1
15,NJ0105304,3
16,NJ0105323,19
17,NJ0105324,1
18,NJ0105331,14
19,NJ0105332,1
20,NJ0105333,9
21,NJ0105334,4
22,NJ0105336,1
23,NJ0105348,4
24,NJ0105350,4
25,NJ0105356,1
26,NJ0106302,1
27,NJ0106304,1
28,NJ0108006,4
29,NJ0108013,3
30,NJ0108014,1
31,NJ0108303,1
32,NJ0108313,2
33,NJ0108314,3
34,NJ0108352,6
35,NJ0108361,1
36,NJ0108407,1
37,NJ0108417,1
38,NJ0108418,1
39,NJ0109305,1
40,NJ0109307,1
41,NJ0110301,2
42,NJ0110303,1
43,NJ0110313,2
44,NJ0110316,1
45,NJ0111004,1
46,NJ0111304,2
47,NJ0111313,1
48,NJ0111314,2
49,NJ0111321,3
50,NJ0111323,1
51,NJ0111324,1
52,NJ0111374,1
53,NJ0111405,18
54,NJ0111423,1
55,NJ0111441,1
56,NJ0111444,2
57,NJ0111456,6
58,NJ0112002,2
59,NJ0112324,5
60,NJ0112325,2
61,NJ0112329,1
62,NJ0112339,1
63,NJ0112343,1
64,NJ0112348,6
65,NJ0112352,2
66,NJ0112354,1
67,NJ0113001,23
68,NJ0113321,1
69,NJ0113324,2
70,NJ0113330,13
71,NJ0113353,1
72,NJ0113354,6
73,NJ0116001,19
74,NJ0117001,2
75,NJ0117317,3
76,NJ0117329,2
77,NJ0117331,1
78,NJ0120306,2
79,NJ0120307,2
80,NJ0120311,2
81,NJ0120314,1
82,NJ0120317,2
83,NJ0122001,1
84,NJ0123002,3
85,NJ0202300,1
86,NJ0204300,2
87,NJ0205300,4
88,NJ0211001,2
89,NJ0217001,33
90,NJ0220001,1
91,NJ0220308,1
92,NJ0221001,1
93,NJ0221300,1
94,NJ0226300,2
95,NJ0228001,4
96,NJ0231001,1
97,NJ0232001,4
98,NJ0233001,2
99,NJ0233005,2
100,NJ0233306,1
101,NJ0233310,2
102,NJ0233314,3
103,NJ0238001,24
104,NJ0238300,1
105,NJ0239001,1
106,NJ0247001,1
107,NJ0248001,1
108,NJ0248302,42
109,NJ0251001,5
110,NJ0255306,14
111,NJ0257001,2
112,NJ0264001,18
113,NJ0301001,1
114,NJ0301300,1
115,NJ0301311,1
116,NJ0301326,1
117,NJ0303001,36
118,NJ0304306,1
119,NJ0305001,4
120,NJ0306306,1
121,NJ0307002,5
122,NJ0311002,1
123,NJ0311302,1
124,NJ0313001,8
125,NJ0313312,1
126,NJ0314001,1
127,NJ0315001,3
128,NJ0315301,1
129,NJ0317303,1
130,NJ0317306,38
131,NJ0318002,1
132,NJ0318303,48
133,NJ0318304,1
134,NJ0318306,2
135,NJ0318310,29
136,NJ0318312,25
137,NJ0318314,30
138,NJ0318315,27
139,NJ0318316,1
140,NJ0319001,9
141,NJ0320001,36
142,NJ0320310,1
143,NJ0320319,1
144,NJ0320320,1
145,NJ0320323,3
146,NJ0320331,1
147,NJ0320335,1
148,NJ0320347,1
149,NJ0320358,1
150,NJ0320361,1
151,NJ0320367,1
152,NJ0321310,1
153,NJ0322001,20
154,NJ0324300,11
155,NJ0325001,1
156,NJ0325302,2
157,NJ0325320,1
158,NJ0325322,1
159,NJ0326001,2
160,NJ0326003,3
161,NJ0326005,1
162,NJ0326006,1
163,NJ0326009,1
164,NJ0326313,2
165,NJ0326326,1
166,NJ0328001,3
167,NJ0329003,1
168,NJ0329004,15
169,NJ0329005,1
170,NJ0329301,2
171,NJ0329303,5
172,NJ0329316,2
173,NJ0329325,1
174,NJ0329327,3
175,NJ0329332,20
176,NJ0332001,2
177,NJ0332002,27
178,NJ0332321,10
179,NJ0333001,2
180,NJ0333002,1
181,NJ0333003,5
182,NJ0333317,1
183,NJ0333325,3
184,NJ0333329,2
185,NJ0334316,1
186,NJ0334317,1
187,NJ0335302,2
188,NJ0335304,1
189,NJ0335310,19
190,NJ0335311,7
191,NJ0335312,2
192,NJ0335320,1
193,NJ0335322,1
194,NJ0335324,2
195,NJ0335327,1
196,NJ0335329,1
197,NJ0335330,1
198,NJ0338001,2
199,NJ0338300,2
200,NJ0339001,2
201,NJ0339301,1
202,NJ0339303,1
203,NJ0339315,1
204,NJ0339320,3
205,NJ0340001,1
206,NJ0340002,1
207,NJ0404001,1
208,NJ0405001,2
209,NJ0406309,3
210,NJ0407001,2
211,NJ0408001,13
212,NJ0410310,3
213,NJ0410317,1
214,NJ0411001,1
215,NJ0412001,52
216,NJ0414001,17
217,NJ0415002,1
218,NJ0415308,1
219,NJ0415314,1
220,NJ0415325,1
221,NJ0416001,2
222,NJ0418300,1
223,NJ0424001,28
224,NJ0428302,1
225,NJ0429001,20
226,NJ0435308,1
227,NJ0435316,1
228,NJ0435322,4
229,NJ0435324,1
230,NJ0435361,1
231,NJ0435366,1
232,NJ0435374,1
233,NJ0435382,1
234,NJ0435394,18
235,NJ0435400,3
236,NJ0435402,1
237,NJ0436001,1
238,NJ0436002,1
239,NJ0436007,33
240,NJ0436010,2
241,NJ0436339,1
242,NJ0436345,1
243,NJ0436356,2
244,NJ0436359,1
245,NJ0436381,2
246,NJ0436384,1
247,NJ0436391,2
248,NJ0436395,3
249,NJ0436412,1
250,NJ0436458,1
251,NJ0436491,1
252,NJ0436495,1
253,NJ0436499,1
254,NJ0502001,1
255,NJ0503001,2
256,NJ0504337,1
257,NJ0504375,1
258,NJ0504399,1
259,NJ0504407,2
260,NJ0505002,20
261,NJ0505303,1
262,NJ0505342,30
263,NJ0505376,1
264,NJ0505391,1
265,NJ0505406,1
266,NJ0505413,1
267,NJ0506001,3
268,NJ0506008,1
269,NJ0506009,1
270,NJ0506012,1
271,NJ0506305,1
272,NJ0506321,15
273,NJ0506331,1
274,NJ0506342,1
275,NJ0506355,1
276,NJ0506370,3
277,NJ0506406,2
278,NJ0506415,1
279,NJ0506428,1
280,NJ0509001,1
281,NJ0511003,1
282,NJ0511302,1
283,NJ0511305,18
284,NJ0511308,8
285,NJ0511327,2
286,NJ0511363,1
287,NJ0511401,2
288,NJ0511900,21
289,NJ0514001,1
290,NJ0516001,1
291,NJ0516003,20
292,NJ0516308,1
293,NJ0601001,1
294,NJ0602303,2
295,NJ0602304,1
296,NJ0602305,1
297,NJ0602307,1
298,NJ0602308,1
299,NJ0602315,3
300,NJ0602316,1
301,NJ0603308,1
302,NJ0603315,1
303,NJ0603322,2
304,NJ0603324,1
305,NJ0603329,1
306,NJ0603330,1
307,NJ0603331,1
308,NJ0604301,2
309,NJ0604307,2
310,NJ0604309,2
311,NJ0604314,1
312,NJ0605002,1
313,NJ0605317,2
314,NJ0605322,1
315,NJ0605323,1
316,NJ0606303,1
317,NJ0606304,3
318,NJ0607001,1
319,NJ0607309,1
320,NJ0607310,1
321,NJ0607311,2
322,NJ0607321,1
323,NJ0607324,6
324,NJ0607325,1
325,NJ0607326,17
326,NJ0607328,1
327,NJ0607329,3
328,NJ0608309,16
329,NJ0608310,17
330,NJ0609001,3
331,NJ0609300,20
332,NJ0609311,1
333,NJ0609319,1
334,NJ0610001,14
335,NJ0610309,1
336,NJ0610310,2
337,NJ0610314,2
338,NJ0611302,1
339,NJ0612001,20
340,NJ0612303,2
341,NJ0613004,12
342,NJ0613307,9
343,NJ0613312,1
344,NJ0613320,2
345,NJ0613330,1
346,NJ0614003,24
347,NJ0614004,1
348,NJ0614005,4
349,NJ0614305,1
350,NJ0614322,1
351,NJ0614334,1
352,NJ0614348,1
353,NJ0701001,6
354,NJ0702001,6
355,NJ0702300,2
356,NJ0704001,1
357,NJ0705001,1
358,NJ0707309,3
359,NJ0708001,1
360,NJ0710001,59
361,NJ0712001,1
362,NJ0714001,5
363,NJ0715001,2
364,NJ0715002,2
365,NJ0716300,18
366,NJ0718001,4
367,NJ0720001,2
368,NJ0721001,1
369,NJ0722304,1
370,NJ0801001,1
371,NJ0801301,3
372,NJ0803001,1
373,NJ0804308,1
374,NJ0804310,2
375,NJ0804317,1
376,NJ0804320,2
377,NJ0804324,1
378,NJ0804326,1
379,NJ0804329,1
380,NJ0805003,2
381,NJ0805312,3
382,NJ0805313,2
383,NJ0805329,1
384,NJ0805335,1
385,NJ0805340,3
386,NJ0805344,1
387,NJ0805348,1
388,NJ0805359,16
389,NJ0805367,2
390,NJ0805378,1
391,NJ0805433,1
392,NJ0805440,1
393,NJ0805448,1
394,NJ0805453,2
395,NJ0805456,2
396,NJ0805458,1
397,NJ0807001,20
398,NJ0808316,2
399,NJ0808321,2
400,NJ0808323,1
401,NJ0809309,19
402,NJ0809311,1
403,NJ0810004,2
404,NJ0810005,2
405,NJ0810319,1
406,NJ0811002,5
407,NJ0811306,1
408,NJ0811316,2
409,NJ0811392,1
410,NJ0811410,1
411,NJ0811411,2
412,NJ0811415,2
413,NJ0811417,3
414,NJ0812001,1
415,NJ0813001,2
416,NJ0814001,1
417,NJ0815001,2
418,NJ0816001,1
419,NJ0816300,1
420,NJ0816303,1
421,NJ0816304,3
422,NJ0816306,1
423,NJ0818004,128
424,NJ0818376,3
425,NJ0818430,2
426,NJ0818442,2
427,NJ0818444,2
428,NJ0818449,2
429,NJ0818450,1
430,NJ0818459,2
431,NJ0818470,1
432,NJ0818473,2
433,NJ0819001,1
434,NJ0820001,3
435,NJ0820303,1
436,NJ0821001,2
437,NJ0822001,3
438,NJ0824001,3
439,NJ0824300,2
440,NJ0824308,2
441,NJ0824311,3
442,NJ0824317,1
443,NJ1001301,11
444,NJ1001302,1
445,NJ1001303,2
446,NJ1001309,2
447,NJ1002300,2
448,NJ1002308,2
449,NJ1002313,1
450,NJ1002319,1
451,NJ1005001,4
452,NJ1006304,1
453,NJ1006315,1
454,NJ1006319,1
455,NJ1006321,2
456,NJ1006323,1
457,NJ1006329,2
458,NJ1006331,2
459,NJ1006338,1
460,NJ1006349,2
461,NJ1006355,16
462,NJ1006356,1
463,NJ1006366,1
464,NJ1006367,1
465,NJ1006370,3
466,NJ1006375,1
467,NJ1007002,1
468,NJ1007305,6
469,NJ1007308,3
470,NJ1008304,1
471,NJ1008306,3
472,NJ1008309,2
473,NJ1008315,1
474,NJ1008317,1
475,NJ1008321,2
476,NJ1008325,1
477,NJ1009001,3
478,NJ1010308,1
479,NJ1010310,17
480,NJ1010311,1
481,NJ1010313,1
482,NJ1011301,2
483,NJ1012001,1
484,NJ1013001,1
485,NJ1014001,1
486,NJ1015301,2
487,NJ1015303,1
488,NJ1015310,5
489,NJ1015311,1
490,NJ1016300,1
491,NJ1016302,1
492,NJ1016307,1
493,NJ1016308,1
494,NJ1016310,1
495,NJ1016315,1
496,NJ1016318,2
497,NJ1016323,1
498,NJ1016324,21
499,NJ1017301,1
500,NJ1018300,1
501,NJ1018303,1
502,NJ1019001,1
503,NJ1019002,6
504,NJ1019300,1
505,NJ1019301,1
506,NJ1019306,1
507,NJ1019309,32
508,NJ1019326,4
509,NJ1019327,1
510,NJ1019336,1
511,NJ1019339,3
512,NJ1019341,2
513,NJ1020001,2
514,NJ1021300,3
515,NJ1021302,1
516,NJ1021305,1
517,NJ1021318,3
518,NJ1021326,2
519,NJ1021338,1
520,NJ1021351,14
521,NJ1021358,1
522,NJ1021386,7
523,NJ1021388,2
524,NJ1021393,1
525,NJ1021394,1
526,NJ1021402,4
527,NJ1021406,1
528,NJ1021408,3
529,NJ1021409,1
530,NJ1021412,1
531,NJ1021416,2
532,NJ1021433,1
533,NJ1021436,1
534,NJ1021437,2
535,NJ1021439,1
536,NJ1022305,13
537,NJ1022318,1
538,NJ1022329,1
539,NJ1022332,1
540,NJ1022333,1
541,NJ1022336,1
542,NJ1022338,1
543,NJ1022340,2
544,NJ1022342,1
545,NJ1022346,1
546,NJ1022354,3
547,NJ1022355,1
548,NJ1022357,17
549,NJ1022379,1
550,NJ1022384,52
551,NJ1022388,2
552,NJ1022389,2
553,NJ1023001,2
554,NJ1024318,2
555,NJ1024319,1
556,NJ1025307,4
557,NJ1025308,2
558,NJ1025318,3
559,NJ1025324,1
560,NJ1025329,1
561,NJ1025330,1
562,NJ1026300,15
563,NJ1026301,4
564,NJ1026302,2
565,NJ1026314,2
566,NJ1026320,1
567,NJ1101002,15
568,NJ1101303,4
569,NJ1101309,1
570,NJ1101316,1
571,NJ1101318,4
572,NJ1101322,2
573,NJ1101324,1
574,NJ1102304,1
575,NJ1102307,1
576,NJ1103001,1
577,NJ1103306,1
578,NJ1104001,1
579,NJ1106001,1
580,NJ1106002,34
581,NJ1106304,7
582,NJ1106305,1
583,NJ1106316,2
584,NJ1106317,1
585,NJ1106318,2
586,NJ1106319,1
587,NJ1106322,1
588,NJ1106329,3
589,NJ1106339,1
590,NJ1106345,1
591,NJ1106362,3
592,NJ1106363,1
593,NJ1106364,1
594,NJ1106367,3
595,NJ1106369,1
596,NJ1106370,2
597,NJ1106385,4
598,NJ1106386,2
599,NJ1106392,1
600,NJ1106393,1
601,NJ1106394,23
602,NJ1106395,1
603,NJ1106402,6
604,NJ1106404,3
605,NJ1107324,1
606,NJ1107325,13
607,NJ1108001,39
608,NJ1108300,16
609,NJ1108301,18
610,NJ1110301,14
611,NJ1111001,2
612,NJ1113301,1
613,NJ1113308,1
614,NJ1202303,1
615,NJ1202305,2
616,NJ1202321,1
617,NJ1204001,3
618,NJ1206001,2
619,NJ1207001,3
620,NJ1209002,2
621,NJ1213002,20
622,NJ1213313,1
623,NJ1213349,1
624,NJ1213353,1
625,NJ1214001,3
626,NJ1216001,17
627,NJ1219001,2
628,NJ1221004,5
629,NJ1221306,1
630,NJ1223001,2
631,NJ1224001,3
632,NJ1225001,2
633,NJ1225300,1
634,NJ1302300,1
635,NJ1304001,18
636,NJ1305001,5
637,NJ1306001,1
638,NJ1308001,1
639,NJ1309306,1
640,NJ1309310,2
641,NJ1309312,2
642,NJ1309313,2
643,NJ1309321,53
644,NJ1309336,3
645,NJ1309337,3
646,NJ1309409,1
647,NJ1309411,1
648,NJ1309415,2
649,NJ1309417,8
650,NJ1309424,1
651,NJ1309426,3
652,NJ1311001,1
653,NJ1312001,1
654,NJ1315001,3
655,NJ1316301,1
656,NJ1316304,1
657,NJ1316312,1
658,NJ1316325,2
659,NJ1316331,1
660,NJ1316367,3
661,NJ1316369,3
662,NJ1319003,1
663,NJ1319326,2
664,NJ1319332,1
665,NJ1319333,1
666,NJ1319354,1
667,NJ1319384,1
668,NJ1319397,1
669,NJ1319408,3
670,NJ1319454,2
671,NJ1319474,1
672,NJ1319479,1
673,NJ1319484,1
674,NJ1319492,1
675,NJ1319494,1
676,NJ1321001,22
677,NJ1322001,2
678,NJ1326310,1
679,NJ1326313,1
680,NJ1326347,1
681,NJ1326349,1
682,NJ1326371,1
683,NJ1326375,2
684,NJ1327001,2
685,NJ1328002,3
686,NJ1328003,19
687,NJ1329001,3
688,NJ1330002,13
689,NJ1330003,8
690,NJ1330004,6
691,NJ1331001,2
692,NJ1332301,3
693,NJ1332305,1
694,NJ1332310,1
695,NJ1332313,2
696,NJ1332323,1
697,NJ1332340,1
698,NJ1332341,1
699,NJ1332350,2
700,NJ1332356,1
701,NJ1332360,1
702,NJ1332365,1
703,NJ1332379,1
704,NJ1332384,2
705,NJ1332386,1
706,NJ1332387,3
707,NJ1332389,1
708,NJ1340001,20
709,NJ1341001,5
710,NJ1344001,1
711,NJ1345001,3
712,NJ1351313,4
713,NJ1351315,2
714,NJ1351322,18
715,NJ1351326,2
716,NJ1351329,2
717,NJ1351331,1
718,NJ1351332,1
719,NJ1351337,2
720,NJ1352003,2
721,NJ1352005,1
722,NJ1352309,1
723,NJ1352331,1
724,NJ1352340,1
725,NJ1352343,1
726,NJ1401001,3
727,NJ1401002,2
728,NJ1402303,9
729,NJ1402305,10
730,NJ1404001,1
731,NJ1406002,1
732,NJ1406304,20
733,NJ1406324,2
734,NJ1406331,2
735,NJ1407304,3
736,NJ1407306,1
737,NJ1407313,3
738,NJ1407321,15
739,NJ1407332,1
740,NJ1407334,1
741,NJ1407335,2
742,NJ1408001,18
743,NJ1409001,3
744,NJ1410001,21
745,NJ1410300,16
746,NJ1413300,14
747,NJ1413303,1
748,NJ1413309,3
749,NJ1413315,1
750,NJ1414003,16
751,NJ1414006,1
752,NJ1414011,3
753,NJ1414014,1
754,NJ1414016,2
755,NJ1414302,3
756,NJ1414303,1
757,NJ1414309,6
758,NJ1414321,1
759,NJ1414340,3
760,NJ1414349,1
761,NJ1414350,2
762,NJ1414355,3
763,NJ1414361,2
764,NJ1414366,2
765,NJ1414377,1
766,NJ1414386,1
767,NJ1414406,4
768,NJ1414419,1
769,NJ1415001,1
770,NJ1415002,4
771,NJ1415301,2
772,NJ1415305,1
773,NJ1415307,18
774,NJ1418002,1
775,NJ1419303,1
776,NJ1419305,1
777,NJ1419306,1
778,NJ1420001,3
779,NJ1420306,1
780,NJ1421003,1
781,NJ1421305,2
782,NJ1421321,2
783,NJ1421340,1
784,NJ1421347,18
785,NJ1422312,1
786,NJ1424001,47
787,NJ1424300,7
788,NJ1426002,1
789,NJ1426005,1
790,NJ1427001,3
791,NJ1427002,57
792,NJ1427005,22
793,NJ1427006,17
794,NJ1427008,1
795,NJ1427010,1
796,NJ1427012,3
797,NJ1427013,1
798,NJ1427014,4
799,NJ1427015,5
800,NJ1427018,2
801,NJ1427306,1
802,NJ1427308,1
803,NJ1427310,1
804,NJ1427311,4
805,NJ1427319,1
806,NJ1427334,3
807,NJ1427340,2
808,NJ1427354,1
809,NJ1427362,1
810,NJ1427376,1
811,NJ1427381,1
812,NJ1427384,1
813,NJ1427386,2
814,NJ1427395,1
815,NJ1427399,1
816,NJ1427400,1
817,NJ1427401,2
818,NJ1427403,2
819,NJ1427404,1
820,NJ1427405,2
821,NJ1427412,2
822,NJ1427415,6
823,NJ1427418,1
824,NJ1427419,1
825,NJ1428001,1
826,NJ1428300,23
827,NJ1429001,2
828,NJ1429302,19
829,NJ1429307,1
830,NJ1431001,3
831,NJ1432001,30
832,NJ1432003,2
833,NJ1432311,2
834,NJ1432319,1
835,NJ1432343,1
836,NJ1432347,2
837,NJ1432349,34
838,NJ1432351,2
839,NJ1433001,1
840,NJ1433303,1
841,NJ1434001,2
842,NJ1435002,5
843,NJ1435310,14
844,NJ1435313,1
845,NJ1435318,14
846,NJ1435322,1
847,NJ1435323,2
848,NJ1435331,1
849,NJ1435346,1
850,NJ1436002,16
851,NJ1436003,2
852,NJ1436300,3
853,NJ1436304,20
854,NJ1436311,15
855,NJ1436324,3
856,NJ1436338,1
857,NJ1436355,1
858,NJ1436360,4
859,NJ1436363,1
860,NJ1436369,1
861,NJ1436385,5
862,NJ1436386,17
863,NJ1438001,2
864,NJ1438003,1
865,NJ1438004,18
866,NJ1438006,3
867,NJ1438300,1
868,NJ1438310,1
869,NJ1438323,1
870,NJ1438325,19
871,NJ1438328,2
872,NJ1438340,2
873,NJ1438341,3
874,NJ1438343,4
875,NJ1438346,3
876,NJ1439001,2
877,NJ1501001,5
878,NJ1503001,1
879,NJ1505002,12
880,NJ1505306,1
881,NJ1505308,1
882,NJ1505312,5
883,NJ1505324,16
884,NJ1505342,1
885,NJ1505360,2
886,NJ1505382,1
887,NJ1505390,1
888,NJ1506001,2
889,NJ1507335,1
890,NJ1508305,1
891,NJ1508317,1
892,NJ1508322,1
893,NJ1508323,3
894,NJ1510001,1
895,NJ1511011,3
896,NJ1511016,1
897,NJ1511309,1
898,NJ1511316,1
899,NJ1511327,1
900,NJ1511363,4
901,NJ1511404,4
902,NJ1511415,22
903,NJ1511426,1
904,NJ1511429,17
905,NJ1511430,1
906,NJ1512001,19
907,NJ1513001,1
908,NJ1514002,1
909,NJ1514342,1
910,NJ1515001,1
911,NJ1516363,1
912,NJ1517002,1
913,NJ1517003,1
914,NJ1517004,1
915,NJ1517006,2
916,NJ1518005,2
917,NJ1518328,2
918,NJ1518329,1
919,NJ1518335,1
920,NJ1518336,4
921,NJ1518337,1
922,NJ1518360,1
923,NJ1518365,1
924,NJ1520001,2
925,NJ1520304,1
926,NJ1520316,1
927,NJ1522001,1
928,NJ1523001,13
929,NJ1523002,1
930,NJ1523321,1
931,NJ1523329,1
932,NJ1524001,15
933,NJ1526001,1
934,NJ1530004,22
935,NJ1530005,2
936,NJ1530331,1
937,NJ1530389,2
938,NJ1530391,1
939,NJ1530392,3
940,NJ1531001,2
941,NJ1533001,3
942,NJ1601001,1
943,NJ1602301,54
944,NJ1602307,1
945,NJ1603304,1
946,NJ1605303,1
947,NJ1609001,2
948,NJ1611002,1
949,NJ1611304,1
950,NJ1611305,1
951,NJ1611306,2
952,NJ1611310,1
953,NJ1611313,1
954,NJ1611318,2
955,NJ1611324,1
956,NJ1611369,1
957,NJ1611370,4
958,NJ1612301,1
959,NJ1613001,6
960,NJ1615001,17
961,NJ1615002,2
962,NJ1615003,1
963,NJ1615006,3
964,NJ1615009,1
965,NJ1615012,17
966,NJ1615014,2
967,NJ1615016,7
968,NJ1615017,1
969,NJ1615018,2
970,NJ1615020,1
971,NJ1615308,2
972,NJ1615310,3
973,NJ1615319,4
974,NJ1615320,1
975,NJ1615331,1
976,NJ1615335,1
977,NJ1615337,7
978,NJ1615339,2
979,NJ1615340,1
980,NJ1615344,2
981,NJ1615360,1
982,NJ1615368,1
983,NJ1615369,2
984,NJ1615370,1
985,NJ1615374,2
986,NJ1615379,2
987,NJ1615381,3
988,NJ1615383,1
989,NJ1615384,4
990,NJ1615385,1
991,NJ1615387,1
992,NJ1615389,3
993,NJ1615390,1
994,NJ1615391,20
995,NJ1615397,1
996,NJ1615398,2
997,NJ1615399,1
998,NJ1615400,1
999,NJ1615411,2
1000,NJ1615416,1
1001,NJ1615418,1
1002,NJ1615419,1
1003,NJ1615421,3
1004,NJ1615422,1
1005,NJ1615434,1
1006,NJ1615442,4
1007,NJ1615447,1
1008,NJ1615449,1
1009,NJ1615450,1
1010,NJ1616001,1
1011,NJ1701326,1
1012,NJ1702001,1
1013,NJ1703305,1
1014,NJ1704001,2
1015,NJ1704304,1
1016,NJ1704306,1
1017,NJ1704307,1
1018,NJ1704315,1
1019,NJ1704316,2
1020,NJ1706001,1
1021,NJ1706300,6
1022,NJ1706303,47
1023,NJ1706305,2
1024,NJ1706309,2
1025,NJ1706310,1
1026,NJ1708001,65
1027,NJ1708300,5
1028,NJ1709308,2
1029,NJ1709324,1
1030,NJ1709326,1
1031,NJ1709331,2
1032,NJ1709332,1
1033,NJ1710304,17
1034,NJ1710306,1
1035,NJ1710311,1
1036,NJ1710312,1
1037,NJ1711300,2
1038,NJ1711302,1
1039,NJ1712001,9
1040,NJ1713314,1
1041,NJ1714001,9
1042,NJ1714003,2
1043,NJ1714300,17
1044,NJ1714302,1
1045,NJ1714309,1
1046,NJ1714311,2
1047,NJ1714326,1
1048,NJ1715001,7
1049,NJ1801307,2
1050,NJ1801311,2
1051,NJ1805396,1
1052,NJ1805400,1
1053,NJ1805401,2
1054,NJ1806336,1
1055,NJ1806359,8
1056,NJ1808001,2
1057,NJ1808318,7
1058,NJ1808341,1
1059,NJ1808342,2
1060,NJ1808360,2
1061,NJ1808373,1
1062,NJ1808374,11
1063,NJ1810309,2
1064,NJ1810342,1
1065,NJ1810355,1
1066,NJ1813301,1
1067,NJ1813310,1
1068,NJ1813322,1
1069,NJ1813325,1
1070,NJ1815300,1
1071,NJ1817001,1
1072,NJ1902005,2
1073,NJ1902007,3
1074,NJ1902300,1
1075,NJ1902304,1
1076,NJ1902312,1
1077,NJ1902317,2
1078,NJ1902320,3
1079,NJ1902346,2
1080,NJ1902352,1
1081,NJ1902364,2
1082,NJ1902366,34
1083,NJ1904001,1
1084,NJ1904003,1
1085,NJ1904004,11
1086,NJ1904006,2
1087,NJ1904007,1
1088,NJ1904009,3
1089,NJ1904306,1
1090,NJ1904316,3
1091,NJ1904318,2
1092,NJ1904320,2
1093,NJ1904325,1
1094,NJ1904342,1
1095,NJ1904343,3
1096,NJ1904351,2
1097,NJ1904357,1
1098,NJ1904361,1
1099,NJ1904362,1
1100,NJ1905002,1
1101,NJ1905302,4
1102,NJ1905318,1
1103,NJ1905320,3
1104,NJ1905322,2
1105,NJ1905325,5
1106,NJ1905333,3
1107,NJ1905338,1
1108,NJ1905342,2
1109,NJ1905343,1
1110,NJ1905344,3
1111,NJ1905345,1
1112,NJ1905351,1
1113,NJ1905355,1
1114,NJ1905356,1
1115,NJ1906001,4
1116,NJ1906302,1
1117,NJ1906304,1
1118,NJ1906314,1
1119,NJ1906316,1
1120,NJ1907001,1
1121,NJ1907306,1
1122,NJ1907307,4
1123,NJ1907309,2
1124,NJ1908300,1
1125,NJ1908308,2
1126,NJ1908310,2
1127,NJ1908317,1
1128,NJ1908319,6
1129,NJ1908326,4
1130,NJ1909001,2
1131,NJ1910303,1
1132,NJ1910313,1
1133,NJ1910319,1
1134,NJ1910320,1
1135,NJ1910323,1
1136,NJ1910327,1
1137,NJ1910328,1
1138,NJ1910333,1
1139,NJ1910334,1
1140,NJ1910338,1
1141,NJ1910341,2
1142,NJ1911001,2
1143,NJ1911002,3
1144,NJ1911003,1
1145,NJ1911004,1
1146,NJ1911301,1
1147,NJ1911302,1
1148,NJ1911311,2
1149,NJ1911319,3
1150,NJ1911344,1
1151,NJ1911349,2
1152,NJ1911353,1
1153,NJ1912001,40
1154,NJ1912007,1
1155,NJ1912300,1
1156,NJ1912307,1
1157,NJ1912329,1
1158,NJ1913306,7
1159,NJ1913312,1
1160,NJ1913320,2
1161,NJ1913321,3
1162,NJ1913323,1
1163,NJ1914308,1
1164,NJ1914313,1
1165,NJ1914316,2
1166,NJ1914317,2
1167,NJ1914319,1
1168,NJ1914320,2
1169,NJ1914332,3
1170,NJ1914333,4
1171,NJ1914334,3
1172,NJ1914335,1
1173,NJ1914336,1
1174,NJ1914338,1
1175,NJ1915001,1
1176,NJ1915304,1
1177,NJ1916001,4
1178,NJ1917300,1
1179,NJ1917302,1
1180,NJ1917303,2
1181,NJ1917304,1
1182,NJ1917305,1
1183,NJ1917315,2
1184,NJ1917316,2
1185,NJ1917317,1
1186,NJ1917321,20
1187,NJ1917326,2
1188,NJ1917331,1
1189,NJ1917335,1
1190,NJ1918003,1
1191,NJ1918004,4
1192,NJ1918013,1
1193,NJ1918309,2
1194,NJ1918312,1
1195,NJ1918339,2
1196,NJ1918350,1
1197,NJ1918352,2
1198,NJ1919001,20
1199,NJ1920001,58
1200,NJ1920301,1
1201,NJ1920302,2
1202,NJ1920309,3
1203,NJ1920320,1
1204,NJ1920328,1
1205,NJ1920329,1
1206,NJ1920336,1
1207,NJ1920337,2
1208,NJ1921001,11
1209,NJ1922011,2
1210,NJ1922022,1
1211,NJ1922304,3
1212,NJ1922325,1
1213,NJ1922337,1
1214,NJ1922378,2
1215,NJ1922384,2
1216,NJ1922387,1
1217,NJ1922390,1
1218,NJ1922394,2
1219,NJ1922396,1
1220,NJ1922397,1
1221,NJ1922400,38
1222,NJ1922401,1
1223,NJ1922404,3
1224,NJ1922406,1
1225,NJ1922407,1
1226,NJ1922408,1
1227,NJ1923309,1
1228,NJ1924002,2
1229,NJ1924305,2
1230,NJ1924311,2
1231,NJ1924317,2
1232,NJ1924322,1
1233,NJ1924329,2
1234,NJ1924335,8
1235,NJ1924338,1
1236,NJ1924346,18
1237,NJ1924348,1
1238,NJ1924350,1
1239,NJ1924353,8
1240,NJ1924357,1
1241,NJ1924362,1
1242,NJ1924363,2
1243,NJ1924365,1
1244,NJ1924366,4
1245,NJ1924369,1
1246,NJ2011315,1
1247,NJ2016300,4
1248,NJ2021001,2
1249,NJ2101001,2
1250,NJ2101302,1
1251,NJ2101314,3
1252,NJ2102001,22
1253,NJ2103002,3
1254,NJ2103306,1
1255,NJ2104001,4
1256,NJ2104300,1
1257,NJ2104302,2
1258,NJ2104305,2
1259,NJ2104311,2
1260,NJ2104314,4
1261,NJ2104315,1
1262,NJ2104317,4
1263,NJ2104318,1
1264,NJ2104328,3
1265,NJ2104330,3
1266,NJ2104331,2
1267,NJ2104334,1
1268,NJ2104339,2
1269,NJ2104341,2
1270,NJ2104343,1
1271,NJ2104346,1
1272,NJ2105300,2
1273,NJ2105306,3
1274,NJ2105308,1
1275,NJ2105311,2
1276,NJ2105319,1
1277,NJ2105323,5
1278,NJ2105329,4
1279,NJ2106307,1
1280,NJ2106309,1
1281,NJ2106313,1
1282,NJ2107304,5
1283,NJ2107312,1
1284,NJ2107320,1
1285,NJ2108001,3
1286,NJ2109300,2
1287,NJ2109303,2
1288,NJ2109306,1
1289,NJ2109307,1
1290,NJ2109311,2
1291,NJ2109314,1
1292,NJ2109316,2
1293,NJ2109320,4
1294,NJ2109321,3
1295,NJ2110302,8
1296,NJ2110313,1
1297,NJ2110323,6
1298,NJ2111300,2
1299,NJ2111301,1
1300,NJ2111303,1
1301,NJ2111305,2
1302,NJ2111307,5
1303,NJ2111313,1
1304,NJ2111314,1
1305,NJ2111321,1
1306,NJ2112305,1
1307,NJ2112306,1
1308,NJ2112308,1
1309,NJ2113002,1
1310,NJ2113003,2
1311,NJ2113301,3
1312,NJ2113302,3
1313,NJ2113307,2
1314,NJ2113311,3
1315,NJ2113315,7
1316,NJ2113320,5
1317,NJ2113321,2
1318,NJ2113326,2
1319,NJ2113328,6
1320,NJ2113335,5
1321,NJ2113340,2
1322,NJ2114316,1
1323,NJ2114317,1
1324,NJ2114321,3
1325,NJ2116002,1
1326,NJ2116004,2
1327,NJ2116322,3
1328,NJ2116327,2
1329,NJ2116333,4
1330,NJ2116335,1
1331,NJ2116342,1
1332,NJ2117003,5
1333,NJ2117305,2
1334,NJ2117318,2
1335,NJ2120001,2
1336,NJ2120300,1
1337,NJ2122320,1
1338,NJ2122328,1
1339,NJ2122331,5
1340,NJ2123002,1
1341,NJ2123003,3
1342,NJ2123300,2
1343,NJ2123307,1
1344,NJ2123310,1
1345,NJ2123317,1
1346,NJ2123322,2
1347,NJ2123325,7
1348,NJ2123334,2
1349,NJ2123341,1
1350,NJ2123342,2
1351,NJ2123347,1
1352,NJ2123349,1
1353,NJ2123350,2
1354,NJ2123351,2
1355,NY0310353,1
1356,NY1030021,3
1357,NY1218319,4
1358,NY1701511,2
1359,NY1710675,1
1360,NY1901865,1
1361,NY1904289,2
1362,NY3520933,22
1363,NY3522324,2
1364,NY3530257,1
1365,NY4120565,2
1366,NY4708608,3
1367,NY4710773,1
1368,NY4719935,2
1369,NY5203868,1
1370,NY5203880,1
1371,NY5206809,1
1372,NY5207368,1
1373,NY5207491,1
1374,NY5214965,1
1375,NY5218391,1
1376,NY5220957,3
1377,NY5503186,3
1378,NY5506848,1
1379,NY5506872,1
1380,NY5506881,5
1381,NY5507077,1
1382,NY5507115,2
1383,NY5518034,1
1384,NY5520070,1
1385,NY5615162,1
1386,NY5618139,5
1387,NY5730113,2
1388,PA1090106,1
1389,PA1091343,1
1390,PA1150892,1
1391,PA2350309,3
1392,PA2400007,3
1393,PA2400008,1
1394,PA2450004,11
1395,PA2450104,17
1396,PA2450419,3
1397,PA2451070,2
1398,PA2451380,2
1399,PA2520110,33
1400,PA2520405,3
1401,PA2520893,1
1402,PA2520974,17
1403,PA2521010,3
1404,PA2640465,1
1405,PA2640473,1
1406,PA2640932,1
1407,PA3061196,1
1408,PA3480054,17
1409,PA4310827,1
1410,PA6200066,2
1411,PA6250085,7
1412,PA6370015,9
1413,PA6430001,35
1414,PA7380009,15
1415,RI1559513,1
1416,TX0200355,1
1417,TX1012765,11
1418,TX1013163,3
1419,VT0006661,6
1420,VT0021023,1
1421,VT0021239,1
1422,WI2650399,3
